Wyoming,1980,41.90,15.93,56
Wyoming,1981,43.70,15.92,56
Wyoming,1982,39.80,19.50,56
Wyoming,1983,40.90,18.77,56
Wyoming,1984,39.90,15.63,56
Wyoming,1985,39.20,14.22,56
Wyoming,1986,42.30,17.91,56
Wyoming,1987,42.50,14.86,56
Wyoming,1988,42.80,11.42,56
Wyoming,1989,41.20,15.02,56
Wyoming,1990,41.80,15.38,56
Wyoming,1991,41.70,17.09,56
Wyoming,1992,42.50,14.98,56
Wyoming,1993,38.90,18.50,56
Wyoming,1994,42.90,14.02,56
Wyoming,1995,41.70,20.28,56
Wyoming,1996,41.00,17.30,56
Wyoming,1997,41.20,17.98,56
Wyoming,1998,42.50,19.57,56
Wyoming,1999,43.20,15.94,56
Wyoming,2000,42.50,14.31,56
Wyoming,2001,43.20,11.91,56
Wyoming,2002,41.40,11.97,56
Wyoming,2003,43.00,15.13,56
Wyoming,2004,42.40,14.56,56
Wyoming,2005,42.80,16.27,56
Wyoming,2006,43.20,12.74,56
Wyoming,2007,43.30,15.05,56
Wyoming,2008,40.70,16.05,56
Wyoming,2009,40.90,17.00,56
Wyoming,2010,42.00,17.25,56
Wyoming,2011,41.10,18.55,56
Wyoming,2012,44.80,10.96,56
Wyoming,2013,41.70,16.32,56
Wyoming,2014,42.10,18.10,56
Wyoming,2015,44.20,16.71,56
Wyoming,2016,43.90,17.28,56
Wyoming,2017,43.20,18.66,56
Wyoming,2018,42.40,16.12,56
Wyoming,2019,40.30,18.34,56
Wyoming,2020,42.80,11.72,56
Wyoming,2021,43.60,14.39,56
Wisconsin,1980,42.20,33.43,55
Wisconsin,1981,43.50,31.02,55
Wisconsin,1982,41.40,36.59,55
Wisconsin,1983,43.40,34.79,55
Wisconsin,1984,43.20,34.98,55
Wisconsin,1985,41.40,36.86,55
Wisconsin,1986,43.30,35.21,55
Wisconsin,1987,46.30,28.58,55
Wisconsin,1988,43.40,25.59,55
Wisconsin,1989,41.10,24.48,55
Wisconsin,1990,44.50,36.01,55
Wisconsin,1991,43.70,38.47,55
Wisconsin,1992,42.70,31.01,55
Wisconsin,1993,41.70,35.65,55
Wisconsin,1994,43.00,30.89,55
Wisconsin,1995,42.80,32.88,55
Wisconsin,1996,40.50,33.00,55
Wisconsin,1997,42.60,28.43,55
Wisconsin,1998,47.30,32.43,55
Wisconsin,1999,45.40,33.25,55
Wisconsin,2000,43.90,34.19,55
Wisconsin,2001,45.30,35.05,55
Wisconsin,2002,44.60,35.08,55
Wisconsin,2003,43.20,28.02,55
Wisconsin,2004,43.50,34.91,55
Wisconsin,2005,45.10,28.55,55
Wisconsin,2006,46.00,30.08,55
Wisconsin,2007,44.70,33.49,55
Wisconsin,2008,41.80,32.72,55
Wisconsin,2009,42.40,29.76,55
Wisconsin,2010,45.50,39.02,55
Wisconsin,2011,44.10,31.04,55
Wisconsin,2012,47.40,28.80,55
Wisconsin,2013,41.80,36.53,55
Wisconsin,2014,40.20,37.08,55
Wisconsin,2015,44.80,35.88,55
Wisconsin,2016,46.20,39.39,55
Wisconsin,2017,44.70,37.57,55
Wisconsin,2018,43.20,39.74,55
Wisconsin,2019,42.10,44.55,55
Wisconsin,2020,44.80,34.19,55
Wisconsin,2021,45.70,29.91,55
West Virginia,1980,50.50,43.97,54
West Virginia,1981,50.00,41.66,54
West Virginia,1982,51.60,44.48,54
West Virginia,1983,51.20,44.43,54
West Virginia,1984,51.60,45.42,54
West Virginia,1985,51.60,45.27,54
West Virginia,1986,52.30,43.09,54
West Virginia,1987,52.30,38.86,54
West Virginia,1988,50.90,35.34,54
West Virginia,1989,50.90,54.16,54
West Virginia,1990,53.90,49.50,54
West Virginia,1991,53.80,41.77,54
West Virginia,1992,51.30,41.19,54
West Virginia,1993,51.90,44.31,54
West Virginia,1994,51.80,49.45,54
West Virginia,1995,51.60,44.06,54
West Virginia,1996,50.70,59.17,54
West Virginia,1997,51.00,41.23,54
West Virginia,1998,54.20,46.11,54
West Virginia,1999,53.00,38.98,54
West Virginia,2000,51.80,42.59,54
West Virginia,2001,52.70,39.86,54
West Virginia,2002,53.20,48.56,54
West Virginia,2003,51.60,59.42,54
West Virginia,2004,52.70,53.07,54
West Virginia,2005,52.80,41.89,54
West Virginia,2006,53.00,43.63,54
West Virginia,2007,53.30,42.85,54
West Virginia,2008,51.80,46.04,54
West Virginia,2009,51.70,46.80,54
West Virginia,2010,52.00,42.43,54
West Virginia,2011,53.50,55.10,54
West Virginia,2012,54.30,44.62,54
West Virginia,2013,51.80,47.59,54
West Virginia,2014,50.80,42.79,54
West Virginia,2015,53.10,48.62,54
West Virginia,2016,54.10,45.36,54
West Virginia,2017,54.00,47.01,54
West Virginia,2018,53.30,65.10,54
West Virginia,2019,54.20,48.24,54
West Virginia,2020,54.00,53.77,54
West Virginia,2021,53.60,42.58,54
Washington,1980,46.10,44.74,53
Washington,1981,47.30,43.80,53
Washington,1982,45.50,47.39,53
Washington,1983,46.70,51.83,53
Washington,1984,45.30,46.97,53
Washington,1985,43.90,29.99,53
Washington,1986,47.30,41.63,53
Washington,1987,48.20,34.39,53
Washington,1988,47.30,39.95,53
Washington,1989,46.60,36.56,53
Washington,1990,47.30,50.91,53
Washington,1991,47.10,40.48,53
Washington,1992,48.60,37.13,53
Washington,1993,45.60,33.68,53
Washington,1994,47.90,42.51,53
Washington,1995,47.50,51.08,53
Washington,1996,45.60,54.95,53
Washington,1997,47.10,51.07,53
Washington,1998,48.60,48.61,53
Washington,1999,46.90,49.30,53
Washington,2000,46.20,34.21,53
Washington,2001,46.90,39.16,53
Washington,2002,46.90,36.51,53
Washington,2003,48.20,43.47,53
Washington,2004,48.40,37.65,53
Washington,2005,47.30,38.64,53
Washington,2006,47.50,50.26,53
Washington,2007,46.80,40.24,53
Washington,2008,45.80,37.39,53
Washington,2009,46.40,39.90,53
Washington,2010,47.10,47.32,53
Washington,2011,45.50,43.82,53
Washington,2012,47.10,52.87,53
Washington,2013,47.20,35.68,53
Washington,2014,48.40,48.80,53
Washington,2015,50.00,43.25,53
Washington,2016,48.60,49.14,53
Washington,2017,46.80,48.73,53
Washington,2018,48.00,41.32,53
Washington,2019,46.50,33.07,53
Washington,2020,48.10,45.25,53
Washington,2021,48.30,43.86,53
Virginia,1980,54.40,35.92,51
Virginia,1981,53.70,36.22,51
Virginia,1982,54.70,45.59,51
Virginia,1983,54.40,46.25,51
Virginia,1984,55.00,45.38,51
Virginia,1985,55.40,44.23,51
Virginia,1986,55.60,35.16,51
Virginia,1987,55.20,45.30,51
Virginia,1988,53.90,34.96,51
Virginia,1989,54.40,52.51,51
Virginia,1990,57.40,45.48,51
Virginia,1991,57.00,38.95,51
Virginia,1992,54.40,44.03,51
Virginia,1993,55.10,44.97,51
Virginia,1994,55.30,45.38,51
Virginia,1995,55.00,44.31,51
Virginia,1996,54.00,55.89,51
Virginia,1997,54.50,38.08,51
Virginia,1998,57.40,45.94,51
Virginia,1999,56.30,42.72,51
Virginia,2000,54.90,40.33,51
Virginia,2001,55.80,34.88,51
Virginia,2002,56.60,42.62,51
Virginia,2003,55.00,61.89,51
Virginia,2004,55.90,48.94,51
Virginia,2005,55.90,39.83,51
Virginia,2006,56.60,46.20,51
Virginia,2007,56.80,35.19,51
Virginia,2008,55.70,40.64,51
Virginia,2009,55.20,51.25,51
Virginia,2010,55.90,41.74,51
Virginia,2011,57.00,48.30,51
Virginia,2012,57.60,40.05,51
Virginia,2013,55.10,51.37,51
Virginia,2014,54.40,43.75,51
Virginia,2015,56.50,49.76,51
Virginia,2016,57.10,45.41,51
Virginia,2017,57.30,41.56,51
Virginia,2018,56.60,63.53,51
Virginia,2019,57.50,46.00,51
Virginia,2020,57.40,61.40,51
Virginia,2021,57.10,40.86,51
Vermont,1980,40.60,35.77,50
Vermont,1981,42.20,47.37,50
Vermont,1982,41.30,37.92,50
Vermont,1983,42.60,54.10,50
Vermont,1984,42.50,44.61,50
Vermont,1985,41.50,39.41,50
Vermont,1986,41.80,46.47,50
Vermont,1987,42.20,41.75,50
Vermont,1988,41.80,37.64,50
Vermont,1989,40.70,44.92,50
Vermont,1990,44.00,54.25,50
Vermont,1991,43.50,41.76,50
Vermont,1992,40.60,38.56,50
Vermont,1993,41.20,41.79,50
Vermont,1994,41.30,43.08,50
Vermont,1995,42.30,42.19,50
Vermont,1996,42.00,52.62,50
Vermont,1997,41.10,42.78,50
Vermont,1998,45.20,47.53,50
Vermont,1999,44.30,42.45,50
Vermont,2000,41.80,48.62,50
Vermont,2001,43.80,34.36,50
Vermont,2002,43.60,47.26,50
Vermont,2003,41.50,49.82,50
Vermont,2004,41.80,41.85,50
Vermont,2005,43.40,52.39,50
Vermont,2006,45.10,54.28,50
Vermont,2007,42.20,48.83,50
Vermont,2008,43.00,54.63,50
Vermont,2009,42.30,47.43,50
Vermont,2010,44.90,49.21,50
Vermont,2011,44.30,58.22,50
Vermont,2012,45.80,42.35,50
Vermont,2013,43.20,46.56,50
Vermont,2014,42.00,46.08,50
Vermont,2015,42.60,42.44,50
Vermont,2016,44.60,38.62,50
Vermont,2017,43.80,46.30,50
Vermont,2018,43.20,47.07,50
Vermont,2019,41.90,51.40,50
Vermont,2020,44.80,40.21,50
Vermont,2021,45.00,41.61,50
Utah,1980,48.50,17.33,49
Utah,1981,50.00,15.23,49
Utah,1982,46.40,17.64,49
Utah,1983,47.80,20.07,49
Utah,1984,45.90,15.73,49
Utah,1985,47.00,14.80,49
Utah,1986,49.30,15.01,49
Utah,1987,48.40,14.79,49
Utah,1988,48.50,11.18,49
Utah,1989,48.60,9.04,49
Utah,1990,48.70,12.15,49
Utah,1991,47.50,13.51,49
Utah,1992,49.00,13.00,49
Utah,1993,46.80,15.64,49
Utah,1994,49.70,13.12,49
Utah,1995,49.20,15.55,49
Utah,1996,49.60,14.18,49
Utah,1997,48.20,16.80,49
Utah,1998,48.30,17.40,49
Utah,1999,49.20,12.43,49
Utah,2000,50.20,13.53,49
Utah,2001,50.00,11.69,49
Utah,2002,48.80,9.04,49
Utah,2003,50.60,11.53,49
Utah,2004,48.70,15.27,49
Utah,2005,49.30,16.68,49
Utah,2006,49.20,14.41,49
Utah,2007,49.90,11.28,49
Utah,2008,48.10,11.66,49
Utah,2009,48.40,11.80,49
Utah,2010,48.30,17.23,49
Utah,2011,47.60,14.71,49
Utah,2012,50.90,10.69,49
Utah,2013,47.80,13.21,49
Utah,2014,50.40,13.33,49
Utah,2015,50.70,15.41,49
Utah,2016,50.20,14.04,49
Utah,2017,50.70,12.83,49
Utah,2018,50.40,11.58,49
Utah,2019,47.90,16.94,49
Utah,2020,50.40,7.24,49
Utah,2021,50.70,13.55,49
Texas,1980,65.00,24.37,48
Texas,1981,65.00,32.18,48
Texas,1982,64.60,26.68,48
Texas,1983,63.40,25.75,48
Texas,1984,64.80,26.18,48
Texas,1985,64.40,29.88,48
Texas,1986,65.50,33.53,48
Texas,1987,63.80,30.36,48
Texas,1988,64.30,20.96,48
Texas,1989,64.30,25.24,48
Texas,1990,65.60,31.44,48
Texas,1991,64.80,37.20,48
Texas,1992,64.40,33.60,48
Texas,1993,64.10,27.37,48
Texas,1994,65.60,29.31,48
Texas,1995,65.20,27.68,48
Texas,1996,65.40,24.60,48
Texas,1997,63.90,34.19,48
Texas,1998,67.00,27.99,48
Texas,1999,66.60,22.05,48
Texas,2000,66.50,27.83,48
Texas,2001,65.70,29.11,48
Texas,2002,65.00,30.65,48
Texas,2003,65.50,24.20,48
Texas,2004,65.20,39.36,48
Texas,2005,66.00,22.20,48
Texas,2006,67.10,25.13,48
Texas,2007,64.80,36.20,48
Texas,2008,65.50,23.80,48
Texas,2009,65.80,28.54,48
Texas,2010,65.10,27.81,48
Texas,2011,67.30,14.70,48
Texas,2012,67.80,24.10,48
Texas,2013,65.10,26.02,48
Texas,2014,64.80,24.01,48
Texas,2015,65.80,41.23,48
Texas,2016,67.20,32.10,48
Texas,2017,67.30,30.28,48
Texas,2018,66.00,33.72,48
Texas,2019,65.90,26.86,48
Texas,2020,66.90,26.17,48
Texas,2021,66.20,28.81,48
Tennessee,1980,57.20,44.78,47
Tennessee,1981,56.70,46.51,47
Tennessee,1982,57.60,57.73,47
Tennessee,1983,56.70,54.98,47
Tennessee,1984,57.50,56.07,47
Tennessee,1985,57.30,43.19,47
Tennessee,1986,58.80,45.15,47
Tennessee,1987,58.40,43.03,47
Tennessee,1988,56.70,46.38,47
Tennessee,1989,56.60,65.53,47
Tennessee,1990,59.40,60.64,47
Tennessee,1991,59.10,60.41,47
Tennessee,1992,57.00,49.64,47
Tennessee,1993,57.20,48.25,47
Tennessee,1994,57.60,61.91,47
Tennessee,1995,57.40,52.15,47
Tennessee,1996,56.60,60.07,47
Tennessee,1997,56.80,56.51,47
Tennessee,1998,60.20,57.57,47
Tennessee,1999,59.30,46.05,47
Tennessee,2000,58.00,45.02,47
Tennessee,2001,58.20,54.00,47
Tennessee,2002,58.70,59.22,47
Tennessee,2003,57.50,61.76,47
Tennessee,2004,58.50,61.24,47
Tennessee,2005,58.80,44.68,47
Tennessee,2006,58.90,48.87,47
Tennessee,2007,59.90,37.72,47
Tennessee,2008,57.60,49.77,47
Tennessee,2009,57.60,60.28,47
Tennessee,2010,57.90,49.65,47
Tennessee,2011,58.90,62.59,47
Tennessee,2012,60.30,46.89,47
Tennessee,2013,57.10,63.27,47
Tennessee,2014,56.60,53.52,47
Tennessee,2015,59.00,59.16,47
Tennessee,2016,60.30,47.04,47
Tennessee,2017,60.00,56.22,47
Tennessee,2018,59.10,67.14,47
Tennessee,2019,59.80,66.91,47
Tennessee,2020,59.30,65.73,47
Tennessee,2021,59.10,58.99,47
South Dakota,1980,46.20,14.71,46
South Dakota,1981,47.50,17.41,46
South Dakota,1982,43.00,25.00,46
South Dakota,1983,45.00,19.39,46
South Dakota,1984,45.00,21.34,46
South Dakota,1985,42.90,18.50,46
South Dakota,1986,45.80,25.22,46
South Dakota,1987,48.60,17.38,46
South Dakota,1988,46.70,15.34,46
South Dakota,1989,44.30,16.27,46
South Dakota,1990,46.90,17.31,46
South Dakota,1991,46.80,21.24,46
South Dakota,1992,45.60,19.83,46
South Dakota,1993,42.30,25.43,46
South Dakota,1994,44.90,18.90,46
South Dakota,1995,44.70,25.47,46
South Dakota,1996,41.60,22.91,46
South Dakota,1997,44.80,21.12,46
South Dakota,1998,47.40,24.87,46
South Dakota,1999,47.80,21.61,46
South Dakota,2000,46.00,19.12,46
South Dakota,2001,46.50,20.18,46
South Dakota,2002,46.20,14.30,46
South Dakota,2003,46.10,17.13,46
South Dakota,2004,46.30,20.79,46
South Dakota,2005,47.30,20.70,46
South Dakota,2006,48.10,15.93,46
South Dakota,2007,46.80,22.94,46
South Dakota,2008,43.80,23.68,46
South Dakota,2009,43.60,22.59,46
South Dakota,2010,45.10,24.68,46
South Dakota,2011,44.80,22.13,46
South Dakota,2012,49.30,14.58,46
South Dakota,2013,44.00,24.94,46
South Dakota,2014,43.70,20.19,46
South Dakota,2015,47.50,22.78,46
South Dakota,2016,48.40,20.68,46
South Dakota,2017,46.80,17.63,46
South Dakota,2018,44.10,23.25,46
South Dakota,2019,42.30,31.40,46
South Dakota,2020,46.80,16.17,46
South Dakota,2021,48.00,18.17,46
South Carolina,1980,61.90,45.05,45
South Carolina,1981,61.20,40.19,45
South Carolina,1982,62.70,50.24,45
South Carolina,1983,61.30,52.24,45
South Carolina,1984,62.40,47.65,45
South Carolina,1985,63.00,48.07,45
South Carolina,1986,64.10,39.88,45
South Carolina,1987,62.30,47.63,45
South Carolina,1988,61.20,39.26,45
South Carolina,1989,62.20,53.95,45
South Carolina,1990,65.00,46.18,45
South Carolina,1991,63.80,50.92,45
South Carolina,1992,61.90,54.79,45
South Carolina,1993,62.60,44.12,45
South Carolina,1994,62.80,56.17,45
South Carolina,1995,62.50,54.41,45
South Carolina,1996,61.80,45.99,45
South Carolina,1997,62.20,53.87,45
South Carolina,1998,64.70,54.12,45
South Carolina,1999,63.40,44.14,45
South Carolina,2000,62.20,41.24,45
South Carolina,2001,63.30,34.72,45
South Carolina,2002,63.70,46.54,45
South Carolina,2003,62.40,55.19,45
South Carolina,2004,63.20,45.85,45
South Carolina,2005,63.10,47.51,45
South Carolina,2006,63.60,43.73,45
South Carolina,2007,64.30,34.90,45
South Carolina,2008,62.90,45.77,45
South Carolina,2009,62.70,50.56,45
South Carolina,2010,62.60,41.19,45
South Carolina,2011,64.10,38.21,45
South Carolina,2012,64.50,43.77,45
South Carolina,2013,62.30,56.39,45
South Carolina,2014,62.20,47.03,45
South Carolina,2015,64.50,60.66,45
South Carolina,2016,64.90,46.25,45
South Carolina,2017,65.10,46.57,45
South Carolina,2018,64.30,57.30,45
South Carolina,2019,65.00,46.03,45
South Carolina,2020,64.60,59.87,45
South Carolina,2021,63.70,47.47,45
Rhode Island,1980,48.50,37.37,44
Rhode Island,1981,48.90,40.29,44
Rhode Island,1982,48.60,48.86,44
Rhode Island,1983,50.30,63.00,44
Rhode Island,1984,49.80,50.66,44
Rhode Island,1985,49.20,42.32,44
Rhode Island,1986,49.00,48.59,44
Rhode Island,1987,49.10,42.89,44
Rhode Island,1988,49.00,42.97,44
Rhode Island,1989,48.60,55.00,44
Rhode Island,1990,51.50,49.99,44
Rhode Island,1991,51.40,46.72,44
Rhode Island,1992,48.40,48.14,44
Rhode Island,1993,49.30,43.76,44
Rhode Island,1994,49.60,46.00,44
Rhode Island,1995,49.90,40.19,44
Rhode Island,1996,49.10,56.46,44
Rhode Island,1997,49.40,40.88,44
Rhode Island,1998,52.00,56.39,44
Rhode Island,1999,51.80,45.98,44
Rhode Island,2000,49.50,48.84,44
Rhode Island,2001,51.10,43.24,44
Rhode Island,2002,51.20,47.45,44
Rhode Island,2003,49.00,52.96,44
Rhode Island,2004,49.30,47.61,44
Rhode Island,2005,50.10,57.83,44
Rhode Island,2006,51.80,56.70,44
Rhode Island,2007,50.30,44.46,44
Rhode Island,2008,50.80,56.70,44
Rhode Island,2009,49.80,54.02,44
Rhode Island,2010,52.00,53.32,44
Rhode Island,2011,51.60,57.53,44
Rhode Island,2012,52.90,41.13,44
Rhode Island,2013,50.60,43.17,44
Rhode Island,2014,49.70,47.24,44
Rhode Island,2015,50.40,40.88,44
Rhode Island,2016,52.20,41.26,44
Rhode Island,2017,51.50,49.11,44
Rhode Island,2018,51.60,63.18,44
Rhode Island,2019,50.60,57.11,44
Rhode Island,2020,52.80,44.52,44
Rhode Island,2021,52.60,49.84,44
Pennsylvania,1980,47.30,36.87,42
Pennsylvania,1981,47.50,40.21,42
Pennsylvania,1982,47.90,38.34,42
Pennsylvania,1983,48.70,46.72,42
Pennsylvania,1984,48.20,46.11,42
Pennsylvania,1985,48.50,41.54,42
Pennsylvania,1986,48.80,43.25,42
Pennsylvania,1987,49.20,40.67,42
Pennsylvania,1988,48.10,35.90,42
Pennsylvania,1989,47.50,44.28,42
Pennsylvania,1990,50.70,49.70,42
Pennsylvania,1991,50.70,33.36,42
Pennsylvania,1992,47.60,41.61,42
Pennsylvania,1993,48.20,45.80,42
Pennsylvania,1994,48.00,48.19,42
Pennsylvania,1995,48.50,37.51,42
Pennsylvania,1996,47.60,56.31,42
Pennsylvania,1997,48.00,38.80,42
Pennsylvania,1998,51.80,40.41,42
Pennsylvania,1999,50.00,41.12,42
Pennsylvania,2000,48.50,41.38,42
Pennsylvania,2001,49.90,34.36,42
Pennsylvania,2002,50.30,43.55,42
Pennsylvania,2003,48.00,53.57,42
Pennsylvania,2004,49.10,53.90,42
Pennsylvania,2005,49.50,42.97,42
Pennsylvania,2006,50.80,47.57,42
Pennsylvania,2007,49.50,44.12,42
Pennsylvania,2008,48.80,45.82,42
Pennsylvania,2009,48.40,42.77,42
Pennsylvania,2010,50.10,42.31,42
Pennsylvania,2011,50.40,61.00,42
Pennsylvania,2012,51.80,43.49,42
Pennsylvania,2013,49.00,41.82,42
Pennsylvania,2014,47.40,42.43,42
Pennsylvania,2015,49.50,43.10,42
Pennsylvania,2016,50.90,39.00,42
Pennsylvania,2017,50.60,46.61,42
Pennsylvania,2018,49.80,64.04,42
Pennsylvania,2019,49.90,50.78,42
Pennsylvania,2020,51.20,43.26,42
Pennsylvania,2021,51.20,46.11,42
Oregon,1980,47.00,32.96,41
Oregon,1981,47.80,38.03,41
Oregon,1982,45.40,38.28,41
Oregon,1983,46.90,44.46,41
Oregon,1984,45.60,38.08,41
Oregon,1985,44.60,23.11,41
Oregon,1986,48.10,33.00,41
Oregon,1987,48.30,27.33,41
Oregon,1988,47.90,29.85,41
Oregon,1989,46.50,26.97,41
Oregon,1990,47.40,29.91,41
Oregon,1991,47.60,29.57,41
Oregon,1992,49.40,27.55,41
Oregon,1993,45.50,31.15,41
Oregon,1994,47.80,28.59,41
Oregon,1995,48.10,41.42,41
Oregon,1996,47.60,48.87,41
Oregon,1997,47.80,32.60,41
Oregon,1998,47.80,42.91,41
Oregon,1999,47.20,31.64,41
Oregon,2000,47.50,27.91,41
Oregon,2001,47.80,26.84,41
Oregon,2002,47.70,26.21,41
Oregon,2003,49.00,32.06,41
Oregon,2004,48.40,29.69,41
Oregon,2005,47.70,33.22,41
Oregon,2006,48.00,36.44,41
Oregon,2007,47.80,28.99,41
Oregon,2008,46.80,28.63,41
Oregon,2009,47.30,27.62,41
Oregon,2010,47.10,37.91,41
Oregon,2011,46.30,30.68,41
Oregon,2012,48.00,40.08,41
Oregon,2013,47.60,22.72,41
Oregon,2014,49.60,35.29,41
Oregon,2015,50.40,30.17,41
Oregon,2016,48.80,34.68,41
Oregon,2017,48.00,36.22,41
Oregon,2018,48.40,25.41,41
Oregon,2019,47.10,30.03,41
Oregon,2020,48.80,28.76,41
Oregon,2021,49.20,28.48,41
Oklahoma,1980,60.50,26.51,40
Oklahoma,1981,60.40,35.25,40
Oklahoma,1982,59.00,35.64,40
Oklahoma,1983,58.00,33.02,40
Oklahoma,1984,59.40,34.15,40
Oklahoma,1985,58.70,42.26,40
Oklahoma,1986,60.80,40.38,40
Oklahoma,1987,59.60,41.28,40
Oklahoma,1988,59.10,29.41,40
Oklahoma,1989,58.10,35.39,40
Oklahoma,1990,60.70,43.26,40
Oklahoma,1991,60.30,38.72,40
Oklahoma,1992,59.30,41.44,40
Oklahoma,1993,58.10,39.18,40
Oklahoma,1994,59.70,36.27,40
Oklahoma,1995,59.40,37.81,40
Oklahoma,1996,59.00,37.28,40
Oklahoma,1997,58.70,39.31,40
Oklahoma,1998,62.10,36.18,40
Oklahoma,1999,61.30,37.27,40
Oklahoma,2000,60.30,36.93,40
Oklahoma,2001,60.80,31.98,40
Oklahoma,2002,59.40,35.01,40
Oklahoma,2003,59.90,27.87,40
Oklahoma,2004,60.10,40.19,40
Oklahoma,2005,60.80,27.56,40
Oklahoma,2006,62.20,29.81,40
Oklahoma,2007,60.00,43.57,40
Oklahoma,2008,59.60,38.31,40
Oklahoma,2009,59.40,38.04,40
Oklahoma,2010,60.30,32.04,40
Oklahoma,2011,61.60,26.24,40
Oklahoma,2012,63.20,25.70,40
Oklahoma,2013,58.80,36.70,40
Oklahoma,2014,58.90,28.87,40
Oklahoma,2015,60.80,53.72,40
Oklahoma,2016,62.30,31.19,40
Oklahoma,2017,61.80,38.61,40
Oklahoma,2018,60.20,41.01,40
Oklahoma,2019,59.90,44.98,40
Oklahoma,2020,60.70,39.21,40
Oklahoma,2021,60.80,33.65,40
Ohio,1980,49.30,39.64,39
Ohio,1981,49.60,39.05,39
Ohio,1982,50.30,37.72,39
Ohio,1983,51.00,40.31,39
Ohio,1984,50.40,36.90,39
Ohio,1985,50.40,39.97,39
Ohio,1986,51.60,38.99,39
Ohio,1987,52.30,31.42,39
Ohio,1988,50.40,32.12,39
Ohio,1989,49.40,42.63,39
Ohio,1990,52.70,51.07,39
Ohio,1991,53.10,31.61,39
Ohio,1992,50.30,39.78,39
Ohio,1993,50.40,38.63,39
Ohio,1994,50.50,35.60,39
Ohio,1995,50.30,38.67,39
Ohio,1996,49.50,46.85,39
Ohio,1997,49.90,38.35,39
Ohio,1998,54.10,39.97,39
Ohio,1999,52.30,33.07,39
Ohio,2000,50.80,40.85,39
Ohio,2001,52.40,37.30,39
Ohio,2002,52.50,38.60,39
Ohio,2003,50.20,46.42,39
Ohio,2004,51.30,45.45,39
Ohio,2005,51.80,40.11,39
Ohio,2006,52.70,43.56,39
Ohio,2007,52.30,41.16,39
Ohio,2008,50.60,44.11,39
Ohio,2009,50.50,36.50,39
Ohio,2010,51.70,36.76,39
Ohio,2011,52.30,55.95,39
Ohio,2012,54.00,37.28,39
Ohio,2013,50.90,41.69,39
Ohio,2014,49.20,38.56,39
Ohio,2015,51.60,43.01,39
Ohio,2016,53.60,37.39,39
Ohio,2017,53.20,45.51,39
Ohio,2018,52.20,50.93,39
Ohio,2019,52.40,46.87,39
Ohio,2020,53.00,42.32,39
Ohio,2021,53.20,41.66,39
North Dakota,1980,41.20,16.75,38
North Dakota,1981,43.20,17.08,38
North Dakota,1982,37.80,21.42,38
North Dakota,1983,41.10,15.72,38
North Dakota,1984,41.00,15.89,38
North Dakota,1985,38.20,17.33,38
North Dakota,1986,41.70,21.79,38
North Dakota,1987,45.00,16.10,38
North Dakota,1988,42.40,11.43,38
North Dakota,1989,39.40,14.33,38
North Dakota,1990,42.60,15.07,38
North Dakota,1991,42.30,19.72,38
North Dakota,1992,41.20,14.72,38
North Dakota,1993,38.30,22.95,38
North Dakota,1994,40.00,20.40,38
North Dakota,1995,39.60,19.59,38
North Dakota,1996,36.50,18.52,38
North Dakota,1997,40.70,16.52,38
North Dakota,1998,43.20,21.18,38
North Dakota,1999,43.00,20.44,38
North Dakota,2000,41.10,21.31,38
North Dakota,2001,42.20,16.82,38
North Dakota,2002,41.00,15.83,38
North Dakota,2003,40.80,16.24,38
North Dakota,2004,40.50,18.86,38
North Dakota,2005,42.40,20.98,38
North Dakota,2006,43.80,14.02,38
North Dakota,2007,41.80,19.00,38
North Dakota,2008,39.30,19.76,38
North Dakota,2009,38.50,18.96,38
North Dakota,2010,40.90,23.48,38
North Dakota,2011,40.70,21.44,38
North Dakota,2012,44.10,15.09,38
North Dakota,2013,38.80,23.28,38
North Dakota,2014,39.00,18.61,38
North Dakota,2015,43.40,17.72,38
North Dakota,2016,44.40,21.85,38
North Dakota,2017,42.00,12.99,38
North Dakota,2018,39.80,17.77,38
North Dakota,2019,38.00,24.39,38
North Dakota,2020,42.30,12.92,38
North Dakota,2021,43.80,15.60,38
North Carolina,1980,57.90,44.31,37
North Carolina,1981,57.20,40.76,37
North Carolina,1982,58.60,52.16,37
North Carolina,1983,57.80,52.87,37
North Carolina,1984,58.60,50.95,37
North Carolina,1985,59.20,47.00,37
North Carolina,1986,59.80,38.89,37
North Carolina,1987,58.50,47.99,37
North Carolina,1988,57.30,39.90,37
North Carolina,1989,58.20,60.57,37
North Carolina,1990,61.10,48.60,37
North Carolina,1991,60.20,47.87,37
North Carolina,1992,58.20,52.61,37
North Carolina,1993,58.70,46.14,37
North Carolina,1994,59.00,50.11,37
North Carolina,1995,58.40,54.35,37
North Carolina,1996,57.80,56.79,37
North Carolina,1997,58.10,46.09,37
North Carolina,1998,60.80,53.83,37
North Carolina,1999,59.70,52.47,37
North Carolina,2000,58.40,44.36,37
North Carolina,2001,59.40,37.81,37
North Carolina,2002,60.00,47.53,37
North Carolina,2003,58.70,63.16,37
North Carolina,2004,59.30,49.15,37
North Carolina,2005,59.40,47.58,37
North Carolina,2006,59.80,51.17,37
North Carolina,2007,60.50,34.75,37
North Carolina,2008,59.30,45.81,37
North Carolina,2009,58.90,53.20,37
North Carolina,2010,59.00,46.27,37
North Carolina,2011,60.40,45.99,37
North Carolina,2012,60.70,46.62,37
North Carolina,2013,58.60,56.45,37
North Carolina,2014,58.40,50.08,37
North Carolina,2015,60.50,58.32,37
North Carolina,2016,60.80,50.61,37
North Carolina,2017,61.00,47.96,37
North Carolina,2018,60.40,68.35,37
North Carolina,2019,61.30,51.14,37
North Carolina,2020,60.80,66.55,37
North Carolina,2021,60.20,47.56,37
New York,1980,43.60,36.27,36
New York,1981,44.60,40.15,36
New York,1982,44.40,37.32,36
New York,1983,45.50,45.60,36
New York,1984,45.20,42.59,36
New York,1985,44.70,38.93,36
New York,1986,45.10,44.68,36
New York,1987,45.70,39.54,36
New York,1988,44.80,35.74,36
New York,1989,43.80,42.80,36
New York,1990,47.30,50.02,36
New York,1991,47.10,37.07,36
New York,1992,43.80,42.69,36
New York,1993,44.20,41.37,36
New York,1994,44.30,42.11,36
New York,1995,45.20,37.10,36
New York,1996,44.50,50.83,36
New York,1997,44.30,39.01,36
New York,1998,48.30,41.40,36
New York,1999,46.90,38.77,36
New York,2000,44.90,46.24,36
New York,2001,46.90,34.14,36
New York,2002,46.80,43.56,36
New York,2003,44.50,48.02,36
New York,2004,45.20,45.17,36
New York,2005,46.20,46.85,36
New York,2006,47.60,48.89,36
New York,2007,45.70,44.47,36
New York,2008,45.80,47.73,36
New York,2009,45.00,42.37,36
New York,2010,47.20,43.92,36
New York,2011,47.10,55.71,36
New York,2012,48.80,39.56,36
New York,2013,45.70,43.99,36
New York,2014,44.50,43.22,36
New York,2015,45.70,40.64,36
New York,2016,47.60,38.17,36
New York,2017,46.90,47.38,36
New York,2018,46.20,48.58,36
New York,2019,45.20,48.22,36
New York,2020,47.80,39.28,36
New York,2021,47.80,46.22,36
New Mexico,1980,53.60,12.19,35
New Mexico,1981,54.40,15.22,35
New Mexico,1982,52.60,15.01,35
New Mexico,1983,52.50,14.32,35
New Mexico,1984,52.40,17.62,35
New Mexico,1985,52.80,17.46,35
New Mexico,1986,53.60,20.57,35
New Mexico,1987,51.90,14.96,35
New Mexico,1988,52.60,15.93,35
New Mexico,1989,54.00,11.01,35
New Mexico,1990,53.30,15.96,35
New Mexico,1991,52.50,19.02,35
New Mexico,1992,52.60,15.53,35
New Mexico,1993,53.10,14.10,35
New Mexico,1994,54.40,14.43,35
New Mexico,1995,54.30,11.74,35
New Mexico,1996,54.70,14.13,35
New Mexico,1997,52.90,18.64,35
New Mexico,1998,54.20,14.10,35
New Mexico,1999,54.30,14.95,35
New Mexico,2000,55.20,13.36,35
New Mexico,2001,54.60,11.82,35
New Mexico,2002,54.40,12.29,35
New Mexico,2003,55.50,9.07,35
New Mexico,2004,53.50,17.25,35
New Mexico,2005,54.70,14.34,35
New Mexico,2006,54.70,15.97,35
New Mexico,2007,54.20,14.75,35
New Mexico,2008,53.60,13.74,35
New Mexico,2009,54.30,11.94,35
New Mexico,2010,54.20,14.82,35
New Mexico,2011,54.60,9.80,35
New Mexico,2012,56.00,8.41,35
New Mexico,2013,53.70,13.67,35
New Mexico,2014,54.80,13.20,35
New Mexico,2015,54.90,19.33,35
New Mexico,2016,55.50,12.94,35
New Mexico,2017,56.40,14.80,35
New Mexico,2018,55.50,12.72,35
New Mexico,2019,54.40,13.38,35
New Mexico,2020,56.00,8.35,35
New Mexico,2021,55.40,12.37,35
New Jersey,1980,51.60,38.20,34
New Jersey,1981,51.50,38.88,34
New Jersey,1982,51.40,39.95,34
New Jersey,1983,52.60,58.50,34
New Jersey,1984,52.20,49.13,34
New Jersey,1985,52.50,39.46,34
New Jersey,1986,52.30,45.69,34
New Jersey,1987,52.40,44.74,34
New Jersey,1988,51.60,40.02,34
New Jersey,1989,51.50,54.54,34
New Jersey,1990,54.40,48.96,34
New Jersey,1991,54.40,42.41,34
New Jersey,1992,51.20,41.70,34
New Jersey,1993,52.20,44.71,34
New Jersey,1994,52.20,47.31,34
New Jersey,1995,52.50,39.70,34
New Jersey,1996,51.50,59.18,34
New Jersey,1997,52.00,42.87,34
New Jersey,1998,55.20,41.75,34
New Jersey,1999,54.10,47.26,34
New Jersey,2000,52.20,45.25,34
New Jersey,2001,53.60,35.55,34
New Jersey,2002,54.30,45.91,34
New Jersey,2003,51.80,56.48,34
New Jersey,2004,53.00,48.70,34
New Jersey,2005,53.40,48.81,34
New Jersey,2006,55.00,51.41,34
New Jersey,2007,53.60,46.93,34
New Jersey,2008,53.60,47.22,34
New Jersey,2009,52.70,53.17,34
New Jersey,2010,54.70,44.60,34
New Jersey,2011,54.90,63.95,34
New Jersey,2012,55.90,41.99,34
New Jersey,2013,53.20,46.38,34
New Jersey,2014,51.90,48.95,34
New Jersey,2015,53.90,43.86,34
New Jersey,2016,54.90,39.59,34
New Jersey,2017,54.60,44.92,34
New Jersey,2018,54.20,64.76,34
New Jersey,2019,54.30,51.55,34
New Jersey,2020,55.50,49.85,34
New Jersey,2021,55.10,47.94,34
New Hampshire,1980,41.70,35.92,33
New Hampshire,1981,43.20,49.44,33
New Hampshire,1982,42.00,39.68,33
New Hampshire,1983,44.00,56.45,33
New Hampshire,1984,43.60,47.70,33
New Hampshire,1985,42.40,38.64,33
New Hampshire,1986,42.70,46.90,33
New Hampshire,1987,43.10,43.16,33
New Hampshire,1988,42.70,41.17,33
New Hampshire,1989,41.70,45.87,33
New Hampshire,1990,45.00,53.75,33
New Hampshire,1991,44.50,46.41,33
New Hampshire,1992,41.80,38.99,33
New Hampshire,1993,42.50,42.13,33
New Hampshire,1994,42.70,43.76,33
New Hampshire,1995,43.30,43.66,33
New Hampshire,1996,43.00,57.33,33
New Hampshire,1997,42.30,43.12,33
New Hampshire,1998,46.00,47.57,33
New Hampshire,1999,45.40,46.18,33
New Hampshire,2000,43.00,48.77,33
New Hampshire,2001,44.60,34.87,33
New Hampshire,2002,44.50,44.89,33
New Hampshire,2003,42.50,50.38,33
New Hampshire,2004,43.00,43.24,33
New Hampshire,2005,44.00,61.09,33
New Hampshire,2006,45.80,58.25,33
New Hampshire,2007,43.10,48.33,33
New Hampshire,2008,43.80,60.78,33
New Hampshire,2009,43.00,51.67,33
New Hampshire,2010,46.00,50.00,33
New Hampshire,2011,44.90,57.49,33
New Hampshire,2012,46.60,45.18,33
New Hampshire,2013,44.20,45.76,33
New Hampshire,2014,43.00,49.64,33
New Hampshire,2015,43.60,44.01,33
New Hampshire,2016,45.70,39.57,33
New Hampshire,2017,44.90,49.17,33
New Hampshire,2018,44.40,51.80,33
New Hampshire,2019,43.20,50.25,33
New Hampshire,2020,45.80,41.80,33
New Hampshire,2021,46.10,45.93,33
Nevada,1980,50.40,12.98,32
Nevada,1981,51.80,10.71,32
Nevada,1982,48.10,13.64,32
Nevada,1983,49.50,17.80,32
Nevada,1984,48.80,12.12,32
Nevada,1985,48.70,8.74,32
Nevada,1986,51.40,9.10,32
Nevada,1987,50.60,12.07,32
Nevada,1988,50.70,9.38,32
Nevada,1989,50.10,7.55,32
Nevada,1990,50.00,9.16,32
Nevada,1991,49.90,10.07,32
Nevada,1992,51.40,9.72,32
Nevada,1993,48.60,10.79,32
Nevada,1994,50.80,9.53,32
Nevada,1995,50.90,13.75,32
Nevada,1996,51.50,12.19,32
Nevada,1997,50.60,10.01,32
Nevada,1998,49.20,16.91,32
Nevada,1999,50.60,7.74,32
Nevada,2000,51.50,10.48,32
Nevada,2001,51.60,8.93,32
Nevada,2002,50.80,6.24,32
Nevada,2003,52.20,9.82,32
Nevada,2004,50.80,11.35,32
Nevada,2005,50.70,13.55,32
Nevada,2006,50.80,9.67,32
Nevada,2007,51.50,7.59,32
Nevada,2008,50.40,7.69,32
Nevada,2009,50.40,9.22,32
Nevada,2010,50.00,13.06,32
Nevada,2011,49.60,8.62,32
Nevada,2012,52.40,8.89,32
Nevada,2013,50.50,7.46,32
Nevada,2014,53.00,9.92,32
Nevada,2015,52.90,11.34,32
Nevada,2016,51.90,11.15,32
Nevada,2017,52.20,11.17,32
Nevada,2018,52.00,9.27,32
Nevada,2019,49.90,13.81,32
Nevada,2020,52.40,5.86,32
Nevada,2021,52.60,9.60,32
Nebraska,1980,49.50,17.17,31
Nebraska,1981,50.50,24.16,31
Nebraska,1982,47.00,27.51,31
Nebraska,1983,47.90,25.12,31
Nebraska,1984,48.20,25.85,31
Nebraska,1985,46.80,22.45,31
Nebraska,1986,50.20,26.80,31
Nebraska,1987,50.80,25.37,31
Nebraska,1988,49.60,20.12,31
Nebraska,1989,48.00,16.71,31
Nebraska,1990,50.00,21.50,31
Nebraska,1991,50.10,22.03,31
Nebraska,1992,48.90,25.59,31
Nebraska,1993,46.00,31.87,31
Nebraska,1994,49.20,21.91,31
Nebraska,1995,48.60,25.19,31
Nebraska,1996,46.60,25.49,31
Nebraska,1997,48.60,22.14,31
Nebraska,1998,50.60,25.93,31
Nebraska,1999,51.00,22.84,31
Nebraska,2000,49.90,20.36,31
Nebraska,2001,50.30,24.48,31
Nebraska,2002,50.00,15.65,31
Nebraska,2003,49.80,19.98,31
Nebraska,2004,49.80,22.93,31
Nebraska,2005,50.70,23.57,31
Nebraska,2006,51.10,21.56,31
Nebraska,2007,50.00,28.64,31
Nebraska,2008,47.70,28.10,31
Nebraska,2009,47.60,25.70,31
Nebraska,2010,49.30,27.07,31
Nebraska,2011,48.80,25.81,31
Nebraska,2012,52.70,13.36,31
Nebraska,2013,48.50,23.44,31
Nebraska,2014,48.00,24.98,31
Nebraska,2015,50.80,28.07,31
Nebraska,2016,51.60,25.31,31
Nebraska,2017,50.70,25.34,31
Nebraska,2018,48.30,29.22,31
Nebraska,2019,47.50,31.38,31
Nebraska,2020,50.60,18.24,31
Nebraska,2021,51.10,22.64,31
Montana,1980,42.10,19.83,30
Montana,1981,44.00,18.68,30
Montana,1982,39.00,22.41,30
Montana,1983,41.80,17.33,30
Montana,1984,41.70,16.51,30
Montana,1985,39.10,17.15,30
Montana,1986,43.00,20.86,30
Montana,1987,44.60,15.90,30
Montana,1988,44.10,14.53,30
Montana,1989,40.80,21.16,30
Montana,1990,42.80,16.90,30
Montana,1991,42.90,20.06,30
Montana,1992,43.50,17.51,30
Montana,1993,39.60,22.50,30
Montana,1994,42.70,16.05,30
Montana,1995,41.70,22.02,30
Montana,1996,39.20,20.60,30
Montana,1997,42.20,19.44,30
Montana,1998,43.80,20.25,30
Montana,1999,44.00,17.44,30
Montana,2000,42.40,15.67,30
Montana,2001,43.60,14.94,30
Montana,2002,41.40,17.17,30
Montana,2003,43.30,17.39,30
Montana,2004,42.80,16.84,30
Montana,2005,43.10,20.01,30
Montana,2006,44.40,18.24,30
Montana,2007,44.00,17.97,30
Montana,2008,41.40,19.48,30
Montana,2009,41.10,17.45,30
Montana,2010,41.60,21.99,30
Montana,2011,41.60,22.85,30
Montana,2012,44.50,16.81,30
Montana,2013,42.40,20.02,30
Montana,2014,41.90,21.60,30
Montana,2015,44.90,16.88,30
Montana,2016,44.60,21.17,30
Montana,2017,43.20,17.43,30
Montana,2018,41.30,19.98,30
Montana,2019,39.90,21.41,30
Montana,2020,43.30,16.89,30
Montana,2021,44.00,14.32,30
Missouri,1980,55.00,28.84,29
Missouri,1981,54.90,44.21,29
Missouri,1982,53.50,50.81,29
Missouri,1983,54.00,41.18,29
Missouri,1984,54.40,46.30,29
Missouri,1985,53.00,51.76,29
Missouri,1986,55.90,42.43,29
Missouri,1987,56.30,40.29,29
Missouri,1988,54.60,34.21,29
Missouri,1989,53.00,33.32,29
Missouri,1990,56.20,50.45,29
Missouri,1991,56.10,39.12,29
Missouri,1992,54.50,41.75,29
Missouri,1993,53.00,56.61,29
Missouri,1994,54.70,42.08,29
Missouri,1995,54.20,42.05,29
Missouri,1996,52.90,43.68,29
Missouri,1997,53.70,39.81,29
Missouri,1998,57.20,49.87,29
Missouri,1999,56.40,36.85,29
Missouri,2000,55.10,35.70,29
Missouri,2001,55.80,43.61,29
Missouri,2002,55.30,40.21,29
Missouri,2003,54.50,40.03,29
Missouri,2004,55.00,44.53,29
Missouri,2005,56.20,36.41,29
Missouri,2006,56.80,38.01,29
Missouri,2007,56.20,39.58,29
Missouri,2008,53.40,56.10,29
Missouri,2009,54.00,51.71,29
Missouri,2010,55.20,44.57,29
Missouri,2011,55.60,45.70,29
Missouri,2012,58.50,31.03,29
Missouri,2013,53.60,45.71,29
Missouri,2014,52.90,39.32,29
Missouri,2015,55.80,55.52,29
Missouri,2016,57.40,39.44,29
Missouri,2017,57.10,41.45,29
Missouri,2018,55.20,43.00,29
Missouri,2019,55.00,53.82,29
Missouri,2020,55.80,46.34,29
Missouri,2021,56.30,44.03,29
Mississippi,1980,63.10,61.97,28
Mississippi,1981,63.10,42.34,28
Mississippi,1982,63.80,66.54,28
Mississippi,1983,61.70,74.32,28
Mississippi,1984,63.30,54.93,28
Mississippi,1985,63.20,52.77,28
Mississippi,1986,64.60,48.80,28
Mississippi,1987,63.50,52.33,28
Mississippi,1988,62.70,52.40,28
Mississippi,1989,62.40,65.52,28
Mississippi,1990,65.10,60.97,28
Mississippi,1991,64.30,73.90,28
Mississippi,1992,62.80,56.01,28
Mississippi,1993,62.70,55.08,28
Mississippi,1994,63.50,60.49,28
Mississippi,1995,63.60,57.45,28
Mississippi,1996,63.00,54.12,28
Mississippi,1997,62.90,64.85,28
Mississippi,1998,65.80,57.05,28
Mississippi,1999,65.00,47.90,28
Mississippi,2000,64.20,44.64,28
Mississippi,2001,63.70,66.28,28
Mississippi,2002,64.00,66.08,28
Mississippi,2003,63.30,58.98,28
Mississippi,2004,64.00,65.81,28
Mississippi,2005,64.30,50.64,28
Mississippi,2006,64.80,52.47,28
Mississippi,2007,65.00,41.78,28
Mississippi,2008,63.30,59.44,28
Mississippi,2009,63.60,68.42,28
Mississippi,2010,63.50,43.91,28
Mississippi,2011,64.40,52.84,28
Mississippi,2012,65.70,59.17,28
Mississippi,2013,63.10,62.93,28
Mississippi,2014,62.30,58.22,28
Mississippi,2015,65.30,60.57,28
Mississippi,2016,65.90,53.13,28
Mississippi,2017,65.80,58.93,28
Mississippi,2018,64.80,66.81,28
Mississippi,2019,65.20,68.06,28
Mississippi,2020,65.50,68.84,28
Mississippi,2021,64.90,66.85,28
Minnesota,1980,40.70,22.07,27
Minnesota,1981,42.60,28.05,27
Minnesota,1982,39.00,29.82,27
Minnesota,1983,41.40,29.13,27
Minnesota,1984,41.30,28.01,27
Minnesota,1985,38.70,30.69,27
Minnesota,1986,41.50,31.45,27
Minnesota,1987,45.30,22.09,27
Minnesota,1988,41.60,22.41,27
Minnesota,1989,39.10,22.47,27
Minnesota,1990,42.50,26.36,27
Minnesota,1991,41.70,32.20,27
Minnesota,1992,40.90,25.47,27
Minnesota,1993,38.90,31.44,27
Minnesota,1994,40.90,28.23,27
Minnesota,1995,40.30,29.51,27
Minnesota,1996,37.60,27.77,27
Minnesota,1997,40.60,25.20,27
Minnesota,1998,44.90,28.83,27
Minnesota,1999,43.70,29.67,27
Minnesota,2000,41.80,27.98,27
Minnesota,2001,43.00,29.28,27
Minnesota,2002,42.00,28.59,27
Minnesota,2003,41.50,22.20,27
Minnesota,2004,41.30,29.87,27
Minnesota,2005,43.10,31.60,27
Minnesota,2006,44.40,22.78,27
Minnesota,2007,42.40,29.21,27
Minnesota,2008,39.40,27.34,27
Minnesota,2009,40.10,26.39,27
Minnesota,2010,42.80,33.44,27
Minnesota,2011,42.00,24.35,27
Minnesota,2012,45.20,26.17,27
Minnesota,2013,39.30,29.01,27
Minnesota,2014,38.60,29.12,27
Minnesota,2015,43.50,29.46,27
Minnesota,2016,44.60,33.54,27
Minnesota,2017,42.60,28.30,27
Minnesota,2018,40.60,30.08,27
Minnesota,2019,39.30,35.66,27
Minnesota,2020,42.40,24.40,27
Minnesota,2021,44.30,23.76,27
Michigan,1980,42.80,31.59,26
Michigan,1981,44.00,32.12,26
Michigan,1982,43.20,34.47,26
Michigan,1983,44.70,34.87,26
Michigan,1984,44.30,31.96,26
Michigan,1985,43.50,39.22,26
Michigan,1986,44.50,34.80,26
Michigan,1987,46.90,30.44,26
Michigan,1988,44.50,32.35,26
Michigan,1989,42.60,27.57,26
Michigan,1990,45.70,36.19,26
Michigan,1991,45.80,35.50,26
Michigan,1992,43.30,33.36,26
Michigan,1993,43.20,32.44,26
Michigan,1994,43.90,32.39,26
Michigan,1995,44.20,31.83,26
Michigan,1996,42.50,34.00,26
Michigan,1997,43.50,29.93,26
Michigan,1998,48.20,29.56,26
Michigan,1999,46.40,31.40,26
Michigan,2000,45.00,33.02,26
Michigan,2001,46.80,35.17,26
Michigan,2002,45.70,30.90,26
Michigan,2003,44.00,31.08,26
Michigan,2004,44.60,35.35,26
Michigan,2005,46.00,29.89,26
Michigan,2006,47.00,35.85,26
Michigan,2007,46.10,30.66,26
Michigan,2008,44.00,36.85,26
Michigan,2009,43.80,33.87,26
Michigan,2010,47.10,31.22,26
Michigan,2011,45.60,36.82,26
Michigan,2012,48.40,31.00,26
Michigan,2013,44.10,38.23,26
Michigan,2014,41.90,36.66,26
Michigan,2015,45.10,31.74,26
Michigan,2016,47.40,35.86,26
Michigan,2017,46.30,39.27,26
Michigan,2018,45.10,36.17,26
Michigan,2019,43.90,41.83,26
Michigan,2020,46.50,35.31,26
Michigan,2021,47.40,32.89,26
Massachusetts,1980,46.60,35.53,25
Massachusetts,1981,47.20,43.16,25
Massachusetts,1982,46.80,45.71,25
Massachusetts,1983,48.50,59.42,25
Massachusetts,1984,48.00,49.90,25
Massachusetts,1985,47.20,40.55,25
Massachusetts,1986,47.20,48.40,25
Massachusetts,1987,47.40,45.27,25
Massachusetts,1988,47.20,42.31,25
Massachusetts,1989,46.60,50.38,25
Massachusetts,1990,49.70,52.01,25
Massachusetts,1991,49.60,48.23,25
Massachusetts,1992,46.40,44.79,25
Massachusetts,1993,47.30,44.45,25
Massachusetts,1994,47.70,47.81,25
Massachusetts,1995,47.80,41.49,25
Massachusetts,1996,47.30,60.61,25
Massachusetts,1997,47.40,41.12,25
Massachusetts,1998,50.40,50.16,25
Massachusetts,1999,49.80,46.04,25
Massachusetts,2000,47.50,50.19,25
Massachusetts,2001,49.10,39.98,25
Massachusetts,2002,49.30,47.23,25
Massachusetts,2003,47.10,53.29,25
Massachusetts,2004,47.60,46.50,25
Massachusetts,2005,48.40,57.01,25
Massachusetts,2006,50.10,53.70,25
Massachusetts,2007,48.30,45.49,25
Massachusetts,2008,48.60,59.70,25
Massachusetts,2009,47.70,51.71,25
Massachusetts,2010,50.40,49.63,25
Massachusetts,2011,49.70,60.83,25
Massachusetts,2012,51.30,41.78,25
Massachusetts,2013,48.80,46.39,25
Massachusetts,2014,47.70,50.10,25
Massachusetts,2015,48.50,41.39,25
Massachusetts,2016,50.30,36.83,25
Massachusetts,2017,49.60,46.82,25
Massachusetts,2018,49.50,61.03,25
Massachusetts,2019,48.50,52.74,25
Massachusetts,2020,50.90,42.40,25
Massachusetts,2021,50.70,54.83,25
Maryland,1980,53.50,36.71,24
Maryland,1981,53.10,36.54,24
Maryland,1982,53.60,39.70,24
Maryland,1983,54.20,51.37,24
Maryland,1984,54.20,45.50,24
Maryland,1985,54.80,40.69,24
Maryland,1986,54.60,36.55,24
Maryland,1987,54.70,38.51,24
Maryland,1988,53.70,37.86,24
Maryland,1989,53.50,51.18,24
Maryland,1990,56.60,46.27,24
Maryland,1991,56.50,35.79,24
Maryland,1992,53.50,42.32,24
Maryland,1993,54.20,45.72,24
Maryland,1994,54.40,45.83,24
Maryland,1995,54.40,39.53,24
Maryland,1996,53.20,58.97,24
Maryland,1997,54.00,38.77,24
Maryland,1998,57.00,42.46,24
Maryland,1999,55.70,44.27,24
Maryland,2000,54.10,43.92,24
Maryland,2001,55.30,36.02,24
Maryland,2002,56.30,41.47,24
Maryland,2003,53.90,60.74,24
Maryland,2004,55.20,46.59,24
Maryland,2005,55.20,44.03,24
Maryland,2006,56.50,44.97,24
Maryland,2007,55.70,36.05,24
Maryland,2008,55.30,45.00,24
Maryland,2009,54.60,51.27,24
Maryland,2010,55.80,40.89,24
Maryland,2011,56.50,51.11,24
Maryland,2012,57.50,40.40,24
Maryland,2013,54.70,46.04,24
Maryland,2014,53.60,44.76,24
Maryland,2015,55.40,46.86,24
Maryland,2016,56.50,41.66,24
Maryland,2017,56.70,41.21,24
Maryland,2018,55.90,64.62,24
Maryland,2019,56.60,42.70,24
Maryland,2020,57.20,52.84,24
Maryland,2021,56.90,41.57,24
Maine,1980,39.50,37.39,23
Maine,1981,41.80,48.38,23
Maine,1982,39.80,37.72,23
Maine,1983,42.10,55.91,23
Maine,1984,41.40,43.53,23
Maine,1985,39.90,35.54,23
Maine,1986,40.10,42.53,23
Maine,1987,41.10,38.04,23
Maine,1988,40.90,38.35,23
Maine,1989,39.30,41.82,23
Maine,1990,42.40,51.18,23
Maine,1991,41.70,44.24,23
Maine,1992,39.80,37.50,23
Maine,1993,40.00,43.61,23
Maine,1994,40.40,41.68,23
Maine,1995,40.90,42.72,23
Maine,1996,41.00,51.39,23
Maine,1997,39.80,39.51,23
Maine,1998,43.50,45.24,23
Maine,1999,43.80,46.35,23
Maine,2000,40.90,43.15,23
Maine,2001,42.70,29.83,23
Maine,2002,41.70,40.98,23
Maine,2003,40.40,46.02,23
Maine,2004,40.40,38.80,23
Maine,2005,41.80,61.59,23
Maine,2006,44.00,51.65,23
Maine,2007,40.70,47.63,23
Maine,2008,41.60,56.02,23
Maine,2009,40.90,49.46,23
Maine,2010,44.60,49.31,23
Maine,2011,42.80,50.04,23
Maine,2012,43.90,47.38,23
Maine,2013,42.00,45.61,23
Maine,2014,41.20,49.45,23
Maine,2015,41.20,43.16,23
Maine,2016,43.30,41.36,23
Maine,2017,42.40,45.32,23
Maine,2018,41.80,46.45,23
Maine,2019,40.70,49.99,23
Maine,2020,43.50,40.63,23
Maine,2021,44.20,39.78,23
Louisiana,1980,66.00,58.38,22
Louisiana,1981,66.00,45.56,22
Louisiana,1982,66.70,65.42,22
Louisiana,1983,64.40,68.00,22
Louisiana,1984,66.30,58.79,22
Louisiana,1985,66.40,60.41,22
Louisiana,1986,67.30,53.02,22
Louisiana,1987,66.00,60.21,22
Louisiana,1988,65.60,57.63,22
Louisiana,1989,65.50,64.00,22
Louisiana,1990,67.80,58.77,22
Louisiana,1991,66.90,79.48,22
Louisiana,1992,65.80,66.56,22
Louisiana,1993,65.60,58.94,22
Louisiana,1994,66.50,59.07,22
Louisiana,1995,66.80,62.33,22
Louisiana,1996,66.20,53.08,22
Louisiana,1997,66.00,64.31,22
Louisiana,1998,68.60,62.98,22
Louisiana,1999,67.80,47.84,22
Louisiana,2000,67.20,47.80,22
Louisiana,2001,66.70,68.31,22
Louisiana,2002,66.60,64.27,22
Louisiana,2003,66.40,51.95,22
Louisiana,2004,67.10,72.48,22
Louisiana,2005,67.50,45.57,22
Louisiana,2006,67.80,55.40,22
Louisiana,2007,67.40,52.42,22
Louisiana,2008,66.60,56.13,22
Louisiana,2009,66.80,64.04,22
Louisiana,2010,66.50,41.76,22
Louisiana,2011,67.70,43.01,22
Louisiana,2012,68.70,62.88,22
Louisiana,2013,66.20,61.43,22
Louisiana,2014,65.10,55.94,22
Louisiana,2015,68.10,67.31,22
Louisiana,2016,68.70,67.08,22
Louisiana,2017,68.70,64.06,22
Louisiana,2018,67.80,66.39,22
Louisiana,2019,67.70,61.87,22
Louisiana,2020,68.20,66.96,22
Louisiana,2021,67.40,66.25,22
Kentucky,1980,54.60,37.26,21
Kentucky,1981,54.30,43.92,21
Kentucky,1982,55.30,50.25,21
Kentucky,1983,55.00,47.83,21
Kentucky,1984,55.30,52.70,21
Kentucky,1985,55.00,44.42,21
Kentucky,1986,56.60,42.58,21
Kentucky,1987,56.50,38.44,21
Kentucky,1988,54.80,43.55,21
Kentucky,1989,54.30,57.74,21
Kentucky,1990,57.30,55.41,21
Kentucky,1991,57.40,46.03,21
Kentucky,1992,55.10,42.79,21
Kentucky,1993,55.00,46.87,21
Kentucky,1994,55.40,48.66,21
Kentucky,1995,55.40,47.95,21
Kentucky,1996,54.40,56.75,21
Kentucky,1997,54.50,49.05,21
Kentucky,1998,58.20,49.32,21
Kentucky,1999,57.30,38.09,21
Kentucky,2000,55.70,45.29,21
Kentucky,2001,56.60,45.43,21
Kentucky,2002,56.80,53.51,21
Kentucky,2003,55.20,55.98,21
Kentucky,2004,56.40,55.94,21
Kentucky,2005,56.80,39.80,21
Kentucky,2006,56.80,52.37,21
Kentucky,2007,57.70,41.86,21
Kentucky,2008,55.40,46.51,21
Kentucky,2009,55.40,54.35,21
Kentucky,2010,56.00,43.54,21
Kentucky,2011,56.90,64.35,21
Kentucky,2012,58.40,43.21,21
Kentucky,2013,55.00,55.78,21
Kentucky,2014,54.30,47.11,21
Kentucky,2015,56.60,58.31,21
Kentucky,2016,57.90,49.19,21
Kentucky,2017,57.80,50.26,21
Kentucky,2018,57.00,63.74,21
Kentucky,2019,57.50,61.32,21
Kentucky,2020,57.10,58.11,21
Kentucky,2021,57.00,53.41,21
Kansas,1980,55.10,21.58,20
Kansas,1981,55.70,29.94,20
Kansas,1982,53.00,28.57,20
Kansas,1983,53.20,26.42,20
Kansas,1984,54.00,28.92,20
Kansas,1985,52.50,32.91,20
Kansas,1986,56.20,31.40,20
Kansas,1987,55.40,32.22,20
Kansas,1988,54.70,19.84,20
Kansas,1989,53.10,26.44,20
Kansas,1990,55.50,27.93,20
Kansas,1991,55.70,23.15,20
Kansas,1992,54.20,33.79,20
Kansas,1993,51.90,38.47,20
Kansas,1994,54.90,25.00,20
Kansas,1995,53.90,29.68,20
Kansas,1996,53.10,30.76,20
Kansas,1997,53.70,30.29,20
Kansas,1998,56.30,32.31,20
Kansas,1999,56.00,30.26,20
Kansas,2000,55.50,25.48,20
Kansas,2001,55.90,27.75,20
Kansas,2002,55.20,22.44,20
Kansas,2003,55.00,25.11,20
Kansas,2004,55.10,30.91,20
Kansas,2005,55.90,29.60,20
Kansas,2006,56.90,24.73,20
Kansas,2007,55.10,33.26,20
Kansas,2008,53.60,33.34,20
Kansas,2009,53.60,31.80,20
Kansas,2010,55.30,27.84,20
Kansas,2011,55.20,24.17,20
Kansas,2012,58.20,19.29,20
Kansas,2013,53.70,29.03,20
Kansas,2014,53.70,25.43,20
Kansas,2015,56.30,32.78,20
Kansas,2016,57.20,30.68,20
Kansas,2017,56.50,29.03,20
Kansas,2018,54.60,31.85,20
Kansas,2019,53.80,36.03,20
Kansas,2020,55.60,25.85,20
Kansas,2021,56.10,27.25,20
Iowa,1980,48.00,29.09,19
Iowa,1981,49.00,31.99,19
Iowa,1982,46.10,41.44,19
Iowa,1983,47.60,36.52,19
Iowa,1984,47.80,36.92,19
Iowa,1985,45.90,31.15,19
Iowa,1986,48.60,39.90,19
Iowa,1987,51.20,32.85,19
Iowa,1988,48.70,21.48,19
Iowa,1989,46.60,24.69,19
Iowa,1990,49.50,38.91,19
Iowa,1991,48.60,37.74,19
Iowa,1992,47.80,36.21,19
Iowa,1993,45.70,47.88,19
Iowa,1994,47.50,29.55,19
Iowa,1995,47.30,32.26,19
Iowa,1996,45.20,33.66,19
Iowa,1997,47.10,29.21,19
Iowa,1998,50.90,39.57,19
Iowa,1999,49.70,32.28,19
Iowa,2000,48.60,29.73,19
Iowa,2001,49.10,34.59,19
Iowa,2002,49.20,29.48,19
Iowa,2003,47.90,28.69,19
Iowa,2004,48.50,35.41,19
Iowa,2005,49.60,29.84,19
Iowa,2006,50.40,32.40,19
Iowa,2007,48.90,42.41,19
Iowa,2008,45.90,42.92,19
Iowa,2009,46.70,39.15,19
Iowa,2010,48.20,44.05,19
Iowa,2011,48.40,31.83,19
Iowa,2012,52.10,25.61,19
Iowa,2013,46.70,34.44,19
Iowa,2014,45.50,38.69,19
Iowa,2015,49.30,42.53,19
Iowa,2016,50.70,38.10,19
Iowa,2017,50.00,32.36,19
Iowa,2018,47.50,45.08,19
Iowa,2019,46.80,41.63,19
Iowa,2020,49.20,29.28,19
Iowa,2021,50.00,31.12,19
Indiana,1980,50.50,36.00,18
Indiana,1981,50.80,41.21,18
Indiana,1982,50.70,44.88,18
Indiana,1983,51.80,40.71,18
Indiana,1984,51.30,40.59,18
Indiana,1985,51.00,45.45,18
Indiana,1986,52.40,39.67,18
Indiana,1987,53.20,34.87,18
Indiana,1988,51.30,34.25,18
Indiana,1989,50.20,43.42,18
Indiana,1990,53.30,53.54,18
Indiana,1991,53.70,36.31,18
Indiana,1992,51.30,40.34,18
Indiana,1993,50.80,48.59,18
Indiana,1994,51.50,35.56,18
Indiana,1995,51.50,38.26,18
Indiana,1996,50.00,47.67,18
Indiana,1997,50.50,39.80,18
Indiana,1998,55.00,44.88,18
Indiana,1999,53.20,35.04,18
Indiana,2000,51.60,43.40,18
Indiana,2001,53.20,43.96,18
Indiana,2002,53.10,42.19,18
Indiana,2003,51.10,46.40,18
Indiana,2004,52.20,43.40,18
Indiana,2005,52.80,40.89,18
Indiana,2006,53.40,51.02,18
Indiana,2007,53.30,41.79,18
Indiana,2008,51.00,49.69,18
Indiana,2009,51.30,46.06,18
Indiana,2010,52.60,37.39,18
Indiana,2011,53.10,55.20,18
Indiana,2012,55.10,33.82,18
Indiana,2013,51.20,45.14,18
Indiana,2014,49.40,43.57,18
Indiana,2015,52.30,47.51,18
Indiana,2016,54.20,43.38,18
Indiana,2017,54.00,45.61,18
Indiana,2018,52.60,50.03,18
Indiana,2019,52.40,49.52,18
Indiana,2020,53.30,42.40,18
Indiana,2021,53.50,45.49,18
Illinois,1980,51.30,33.65,17
Illinois,1981,51.80,41.69,17
Illinois,1982,50.70,46.58,17
Illinois,1983,52.00,41.29,17
Illinois,1984,51.80,41.31,17
Illinois,1985,50.60,45.63,17
Illinois,1986,52.80,37.45,17
Illinois,1987,54.10,34.69,17
Illinois,1988,52.10,29.33,17
Illinois,1989,50.40,32.39,17
Illinois,1990,53.60,49.94,17
Illinois,1991,53.70,36.12,17
Illinois,1992,51.90,35.81,17
Illinois,1993,50.90,51.18,17
Illinois,1994,52.00,35.51,17
Illinois,1995,51.60,38.91,17
Illinois,1996,50.10,38.82,17
Illinois,1997,51.00,35.10,17
Illinois,1998,55.20,44.49,17
Illinois,1999,53.50,35.71,17
Illinois,2000,52.20,39.77,17
Illinois,2001,53.40,39.65,17
Illinois,2002,53.20,39.06,17
Illinois,2003,51.70,37.78,17
Illinois,2004,52.60,39.97,17
Illinois,2005,53.70,31.43,17
Illinois,2006,54.00,40.64,17
Illinois,2007,53.70,36.69,17
Illinois,2008,50.90,50.17,17
Illinois,2009,51.40,50.96,17
Illinois,2010,52.90,40.68,17
Illinois,2011,53.10,46.10,17
Illinois,2012,55.80,30.11,17
Illinois,2013,51.10,42.49,17
Illinois,2014,49.50,41.29,17
Illinois,2015,52.90,48.80,17
Illinois,2016,54.70,39.75,17
Illinois,2017,54.40,37.80,17
Illinois,2018,52.50,45.79,17
Illinois,2019,52.10,49.86,17
Illinois,2020,53.30,41.94,17
Illinois,2021,53.80,41.16,17
Idaho,1980,43.30,28.67,16
Idaho,1981,44.30,26.14,16
Idaho,1982,41.00,30.55,16
Idaho,1983,42.90,31.41,16
Idaho,1984,40.80,27.35,16
Idaho,1985,39.70,20.14,16
Idaho,1986,44.10,25.08,16
Idaho,1987,44.50,18.42,16
Idaho,1988,44.20,20.49,16
Idaho,1989,42.80,20.96,16
Idaho,1990,43.50,23.41,16
Idaho,1991,43.30,22.42,16
Idaho,1992,45.00,18.96,16
Idaho,1993,40.90,24.08,16
Idaho,1994,44.30,20.39,16
Idaho,1995,43.60,31.11,16
Idaho,1996,43.20,32.10,16
Idaho,1997,43.20,25.28,16
Idaho,1998,44.30,28.95,16
Idaho,1999,43.60,22.64,16
Idaho,2000,43.90,20.89,16
Idaho,2001,44.20,19.13,16
Idaho,2002,43.00,18.98,16
Idaho,2003,45.40,22.56,16
Idaho,2004,44.20,23.18,16
Idaho,2005,43.60,24.58,16
Idaho,2006,44.20,26.38,16
Idaho,2007,44.80,19.56,16
Idaho,2008,42.50,21.97,16
Idaho,2009,42.80,22.88,16
Idaho,2010,43.30,26.14,16
Idaho,2011,42.40,24.69,16
Idaho,2012,45.10,25.71,16
Idaho,2013,43.70,17.64,16
Idaho,2014,45.10,26.47,16
Idaho,2015,46.40,22.52,16
Idaho,2016,45.10,24.88,16
Idaho,2017,44.30,28.83,16
Idaho,2018,44.50,21.88,16
Idaho,2019,43.00,23.41,16
Idaho,2020,44.30,22.19,16
Idaho,2021,45.40,20.93,16
Georgia,1980,63.00,47.07,13
Georgia,1981,62.40,42.09,13
Georgia,1982,63.90,53.28,13
Georgia,1983,61.90,56.54,13
Georgia,1984,63.30,48.00,13
Georgia,1985,63.80,47.08,13
Georgia,1986,65.00,42.50,13
Georgia,1987,63.30,44.99,13
Georgia,1988,62.40,43.65,13
Georgia,1989,63.20,55.32,13
Georgia,1990,65.70,44.85,13
Georgia,1991,64.50,57.84,13
Georgia,1992,62.70,58.74,13
Georgia,1993,63.20,45.86,13
Georgia,1994,63.60,61.23,13
Georgia,1995,63.50,49.67,13
Georgia,1996,62.60,48.70,13
Georgia,1997,63.20,57.29,13
Georgia,1998,65.70,52.90,13
Georgia,1999,64.50,40.86,13
Georgia,2000,63.30,41.38,13
Georgia,2001,63.90,41.80,13
Georgia,2002,64.40,49.72,13
Georgia,2003,63.30,57.23,13
Georgia,2004,64.00,52.16,13
Georgia,2005,63.80,54.74,13
Georgia,2006,64.50,39.00,13
Georgia,2007,64.80,38.07,13
Georgia,2008,63.50,46.99,13
Georgia,2009,63.40,61.48,13
Georgia,2010,63.00,43.04,13
Georgia,2011,64.60,40.11,13
Georgia,2012,65.50,42.02,13
Georgia,2013,63.40,63.49,13
Georgia,2014,63.00,51.41,13
Georgia,2015,65.30,55.74,13
Georgia,2016,65.80,40.90,13
Georgia,2017,65.80,49.80,13
Georgia,2018,65.10,60.80,13
Georgia,2019,66.20,47.89,13
Georgia,2020,65.60,60.46,13
Georgia,2021,64.60,57.09,13
Florida,1980,69.90,49.29,12
Florida,1981,69.30,44.47,12
Florida,1982,71.50,61.32,12
Florida,1983,69.30,64.89,12
Florida,1984,70.00,49.34,12
Florida,1985,70.80,52.34,12
Florida,1986,71.50,52.36,12
Florida,1987,70.20,52.81,12
Florida,1988,69.70,52.54,12
Florida,1989,71.00,48.70,12
Florida,1990,72.50,42.61,12
Florida,1991,71.80,62.61,12
Florida,1992,70.30,56.18,12
Florida,1993,70.30,49.91,12
Florida,1994,71.60,64.78,12
Florida,1995,70.80,59.10,12
Florida,1996,69.90,53.96,12
Florida,1997,71.10,59.65,12
Florida,1998,72.50,57.05,12
Florida,1999,71.20,49.69,12
Florida,2000,70.60,40.29,12
Florida,2001,70.90,52.21,12
Florida,2002,71.30,58.49,12
Florida,2003,70.90,58.77,12
Florida,2004,70.80,57.22,12
Florida,2005,70.80,59.48,12
Florida,2006,71.40,41.00,12
Florida,2007,71.80,43.72,12
Florida,2008,70.80,53.13,12
Florida,2009,71.20,53.77,12
Florida,2010,69.20,48.12,12
Florida,2011,71.70,46.77,12
Florida,2012,71.90,55.09,12
Florida,2013,71.70,56.87,12
Florida,2014,70.60,59.13,12
Florida,2015,73.40,52.86,12
Florida,2016,72.50,53.41,12
Florida,2017,72.80,58.63,12
Florida,2018,72.30,60.52,12
Florida,2019,73.20,52.10,12
Florida,2020,73.20,57.98,12
Florida,2021,72.20,55.94,12
Delaware,1980,54.10,38.92,10
Delaware,1981,53.60,36.68,10
Delaware,1982,54.00,40.01,10
Delaware,1983,54.90,53.82,10
Delaware,1984,54.70,44.02,10
Delaware,1985,55.30,39.35,10
Delaware,1986,55.10,36.99,10
Delaware,1987,54.90,36.36,10
Delaware,1988,54.10,38.80,10
Delaware,1989,54.20,56.76,10
Delaware,1990,57.20,43.03,10
Delaware,1991,56.90,41.84,10
Delaware,1992,53.90,40.54,10
Delaware,1993,54.80,44.44,10
Delaware,1994,55.00,47.31,10
Delaware,1995,55.10,38.39,10
Delaware,1996,54.00,57.90,10
Delaware,1997,54.80,41.11,10
Delaware,1998,57.40,41.54,10
Delaware,1999,56.50,45.64,10
Delaware,2000,54.70,46.19,10
Delaware,2001,56.10,39.22,10
Delaware,2002,57.20,46.47,10
Delaware,2003,54.60,57.82,10
Delaware,2004,55.80,44.71,10
Delaware,2005,55.70,46.87,10
Delaware,2006,57.30,46.76,10
Delaware,2007,56.30,38.40,10
Delaware,2008,56.30,42.61,10
Delaware,2009,55.40,55.94,10
Delaware,2010,56.70,40.56,10
Delaware,2011,57.40,44.56,10
Delaware,2012,58.50,39.32,10
Delaware,2013,55.80,50.75,10
Delaware,2014,54.70,45.00,10
Delaware,2015,56.40,46.27,10
Delaware,2016,57.40,45.67,10
Delaware,2017,57.60,44.53,10
Delaware,2018,57.10,60.02,10
Delaware,2019,57.50,41.02,10
Delaware,2020,58.00,55.92,10
Delaware,2021,57.40,40.88,10
Connecticut,1980,47.90,40.33,9
Connecticut,1981,48.40,41.93,9
Connecticut,1982,47.90,47.69,9
Connecticut,1983,49.40,63.01,9
Connecticut,1984,49.00,51.45,9
Connecticut,1985,48.70,42.42,9
Connecticut,1986,48.50,46.69,9
Connecticut,1987,48.80,44.43,9
Connecticut,1988,48.30,42.94,9
Connecticut,1989,47.90,57.55,9
Connecticut,1990,51.10,55.68,9
Connecticut,1991,51.00,47.77,9
Connecticut,1992,47.70,48.79,9
Connecticut,1993,48.60,45.75,9
Connecticut,1994,48.90,50.41,9
Connecticut,1995,49.00,42.29,9
Connecticut,1996,48.40,60.30,9
Connecticut,1997,48.60,42.68,9
Connecticut,1998,51.60,50.08,9
Connecticut,1999,50.80,49.15,9
Connecticut,2000,48.50,48.74,9
Connecticut,2001,50.20,39.54,9
Connecticut,2002,50.50,47.42,9
Connecticut,2003,48.20,56.12,9
Connecticut,2004,48.80,48.61,9
Connecticut,2005,49.50,54.68,9
Connecticut,2006,51.10,57.01,9
Connecticut,2007,49.50,45.54,9
Connecticut,2008,49.70,59.53,9
Connecticut,2009,48.80,50.50,9
Connecticut,2010,51.40,48.54,9
Connecticut,2011,50.90,63.69,9
Connecticut,2012,52.50,39.39,9
Connecticut,2013,49.80,43.39,9
Connecticut,2014,48.70,45.01,9
Connecticut,2015,49.80,37.08,9
Connecticut,2016,51.80,36.73,9
Connecticut,2017,50.90,44.10,9
Connecticut,2018,50.80,62.16,9
Connecticut,2019,49.80,53.91,9
Connecticut,2020,51.80,43.37,9
Connecticut,2021,51.40,51.02,9
Colorado,1980,45.60,17.81,8
Colorado,1981,47.10,18.79,8
Colorado,1982,44.10,19.84,8
Colorado,1983,44.40,21.92,8
Colorado,1984,43.70,20.55,8
Colorado,1985,44.10,20.51,8
Colorado,1986,46.30,19.83,8
Colorado,1987,45.20,18.82,8
Colorado,1988,45.10,16.74,8
Colorado,1989,45.40,14.74,8
Colorado,1990,45.60,19.90,8
Colorado,1991,45.00,18.65,8
Colorado,1992,45.30,18.53,8
Colorado,1993,43.80,19.90,8
Colorado,1994,46.50,17.13,8
Colorado,1995,45.70,21.79,8
Colorado,1996,45.80,19.85,8
Colorado,1997,44.80,22.24,8
Colorado,1998,46.20,18.77,8
Colorado,1999,46.60,20.03,8
Colorado,2000,47.00,16.91,8
Colorado,2001,46.80,16.81,8
Colorado,2002,46.10,11.85,8
Colorado,2003,47.00,16.44,8
Colorado,2004,45.80,18.93,8
Colorado,2005,46.80,18.95,8
Colorado,2006,46.50,18.67,8
Colorado,2007,46.20,18.71,8
Colorado,2008,44.90,17.46,8
Colorado,2009,45.20,18.79,8
Colorado,2010,46.20,18.19,8
Colorado,2011,45.40,17.62,8
Colorado,2012,48.30,12.31,8
Colorado,2013,45.10,18.79,8
Colorado,2014,46.10,19.14,8
Colorado,2015,47.40,21.73,8
Colorado,2016,47.30,17.08,8
Colorado,2017,47.90,18.91,8
Colorado,2018,47.20,14.96,8
Colorado,2019,45.30,18.91,8
Colorado,2020,47.30,12.23,8
Colorado,2021,47.40,17.09,8
California,1980,58.10,24.12,6
California,1981,59.30,26.24,6
California,1982,56.30,31.99,6
California,1983,57.60,42.46,6
California,1984,58.20,18.32,6
California,1985,57.30,14.70,6
California,1986,58.90,24.25,6
California,1987,58.30,19.70,6
California,1988,58.80,17.10,6
California,1989,58.10,14.95,6
California,1990,58.00,13.99,6
California,1991,58.10,19.79,6
California,1992,59.30,23.23,6
California,1993,57.70,26.70,6
California,1994,58.00,17.54,6
California,1995,58.90,35.20,6
California,1996,59.60,32.51,6
California,1997,59.10,20.60,6
California,1998,56.70,36.41,6
California,1999,58.00,17.63,6
California,2000,58.80,21.43,6
California,2001,59.10,23.02,6
California,2002,58.80,18.68,6
California,2003,59.40,21.63,6
California,2004,58.90,21.76,6
California,2005,58.60,30.10,6
California,2006,58.60,23.61,6
California,2007,58.90,13.83,6
California,2008,58.90,17.85,6
California,2009,58.80,17.05,6
California,2010,57.70,31.18,6
California,2011,57.40,18.79,6
California,2012,59.50,23.45,6
California,2013,59.30,7.93,6
California,2014,61.40,19.90,6
California,2015,60.80,15.04,6
California,2016,60.10,25.73,6
California,2017,60.30,28.17,6
California,2018,60.10,18.09,6
California,2019,58.40,29.12,6
California,2020,60.50,12.07,6
California,2021,60.30,18.95,6
Arkansas,1980,60.50,40.10,5
Arkansas,1981,60.20,43.09,5
Arkansas,1982,60.00,57.80,5
Arkansas,1983,58.90,46.51,5
Arkansas,1984,60.00,61.18,5
Arkansas,1985,59.80,48.93,5
Arkansas,1986,61.50,46.39,5
Arkansas,1987,61.00,53.10,5
Arkansas,1988,59.80,46.03,5
Arkansas,1989,59.00,51.35,5
Arkansas,1990,61.80,66.91,5
Arkansas,1991,61.30,61.52,5
Arkansas,1992,59.90,48.26,5
Arkansas,1993,59.30,52.04,5
Arkansas,1994,60.40,54.39,5
Arkansas,1995,60.50,42.84,5
Arkansas,1996,59.60,51.75,5
Arkansas,1997,59.70,51.93,5
Arkansas,1998,63.10,49.17,5
Arkansas,1999,62.10,43.80,5
Arkansas,2000,60.90,45.70,5
Arkansas,2001,61.20,55.41,5
Arkansas,2002,60.60,52.83,5
Arkansas,2003,60.30,44.84,5
Arkansas,2004,61.00,57.02,5
Arkansas,2005,62.00,35.75,5
Arkansas,2006,62.00,49.33,5
Arkansas,2007,61.80,46.70,5
Arkansas,2008,59.90,60.48,5
Arkansas,2009,59.90,72.20,5
Arkansas,2010,61.20,38.79,5
Arkansas,2011,61.80,55.84,5
Arkansas,2012,63.60,39.81,5
Arkansas,2013,59.60,54.24,5
Arkansas,2014,58.70,47.91,5
Arkansas,2015,61.40,67.31,5
Arkansas,2016,62.80,50.44,5
Arkansas,2017,62.50,50.26,5
Arkansas,2018,61.20,64.32,5
Arkansas,2019,61.20,65.65,5
Arkansas,2020,61.10,63.82,5
Arkansas,2021,61.20,50.74,5
Arizona,1980,60.20,13.58,4
Arizona,1981,61.30,12.47,4
Arizona,1982,58.70,16.52,4
Arizona,1983,59.20,18.97,4
Arizona,1984,59.40,15.88,4
Arizona,1985,59.60,13.90,4
Arizona,1986,60.60,13.87,4
Arizona,1987,59.30,13.28,4
Arizona,1988,60.20,12.64,4
Arizona,1989,61.20,7.67,4
Arizona,1990,59.70,14.08,4
Arizona,1991,59.20,12.91,4
Arizona,1992,59.60,18.15,4
Arizona,1993,59.80,16.77,4
Arizona,1994,60.60,12.45,4
Arizona,1995,61.00,11.44,4
Arizona,1996,61.90,8.74,4
Arizona,1997,60.50,12.71,4
Arizona,1998,59.30,14.44,4
Arizona,1999,60.80,10.37,4
Arizona,2000,61.70,11.13,4
Arizona,2001,61.20,10.79,4
Arizona,2002,61.20,6.97,4
Arizona,2003,61.90,10.51,4
Arizona,2004,60.40,13.52,4
Arizona,2005,61.10,13.09,4
Arizona,2006,61.10,9.76,4
Arizona,2007,61.60,10.99,4
Arizona,2008,60.60,12.31,4
Arizona,2009,61.10,7.03,4
Arizona,2010,60.40,13.91,4
Arizona,2011,60.30,9.63,4
Arizona,2012,62.10,9.56,4
Arizona,2013,60.40,12.13,4
Arizona,2014,62.20,11.07,4
Arizona,2015,61.80,14.39,4
Arizona,2016,62.20,12.28,4
Arizona,2017,63.00,9.47,4
Arizona,2018,62.30,11.67,4
Arizona,2019,60.30,14.69,4
Arizona,2020,62.60,6.56,4
Arizona,2021,62.10,12.58,4
Alaska,1980,26.40,38.48,2
Alaska,1981,29.20,40.29,2
Alaska,1982,25.30,35.07,2
Alaska,1983,26.90,31.95,2
Alaska,1984,25.20,33.03,2
Alaska,1985,26.30,39.70,2
Alaska,1986,26.90,37.70,2
Alaska,1987,27.50,39.37,2
Alaska,1988,27.10,38.17,2
Alaska,1989,26.80,37.52,2
Alaska,1990,25.40,39.07,2
Alaska,1991,27.00,38.70,2
Alaska,1992,25.00,38.54,2
Alaska,1993,29.90,39.25,2
Alaska,1994,26.20,39.17,2
Alaska,1995,27.80,31.29,2
Alaska,1996,25.10,31.64,2
Alaska,1997,28.10,35.81,2
Alaska,1998,28.40,36.54,2
Alaska,1999,24.00,40.29,2
Alaska,2000,28.40,40.08,2
Alaska,2001,27.30,37.50,2
Alaska,2002,30.10,40.52,2
Alaska,2003,29.10,39.00,2
Alaska,2004,29.30,38.74,2
Alaska,2005,29.20,40.36,2
Alaska,2006,26.40,38.71,2
Alaska,2007,28.10,34.09,2
Alaska,2008,25.10,37.09,2
Alaska,2009,26.80,35.21,2
Alaska,2010,27.40,33.85,2
Alaska,2011,27.00,38.74,2
Alaska,2012,24.30,37.28,2
Alaska,2013,27.80,40.81,2
Alaska,2014,30.30,36.75,2
Alaska,2015,30.00,40.10,2
Alaska,2016,31.90,37.07,2
Alaska,2017,29.30,38.06,2
Alaska,2018,30.40,37.90,2
Alaska,2019,32.20,38.00,2
Alaska,2020,27.50,37.94,2
Alaska,2021,26.50,39.65,2
Alabama,1980,62.50,58.48,1
Alabama,1981,62.00,45.80,1
Alabama,1982,63.30,61.13,1
Alabama,1983,61.20,70.37,1
Alabama,1984,62.80,50.53,1
Alabama,1985,62.80,51.31,1
Alabama,1986,64.10,47.77,1
Alabama,1987,63.00,48.13,1
Alabama,1988,62.10,51.10,1
Alabama,1989,62.20,65.20,1
Alabama,1990,64.90,56.87,1
Alabama,1991,64.00,63.25,1
Alabama,1992,62.10,59.79,1
Alabama,1993,62.30,50.28,1
Alabama,1994,63.00,60.33,1
Alabama,1995,63.00,59.57,1
Alabama,1996,62.10,58.33,1
Alabama,1997,62.40,62.96,1
Alabama,1998,65.10,59.26,1
Alabama,1999,64.10,49.01,1
Alabama,2000,63.60,42.49,1
Alabama,2001,63.00,59.04,1
Alabama,2002,63.60,57.13,1
Alabama,2003,62.70,63.72,1
Alabama,2004,63.30,59.88,1
Alabama,2005,63.40,57.08,1
Alabama,2006,64.20,47.54,1
Alabama,2007,64.40,37.86,1
Alabama,2008,62.90,53.07,1
Alabama,2009,62.90,73.77,1
Alabama,2010,62.70,47.19,1
Alabama,2011,63.80,50.71,1
Alabama,2012,64.90,53.38,1
Alabama,2013,62.60,64.70,1
Alabama,2014,62.00,56.03,1
Alabama,2015,64.60,61.36,1
Alabama,2016,65.30,45.01,1
Alabama,2017,65.00,64.19,1
Alabama,2018,64.50,64.40,1
Alabama,2019,65.40,56.30,1
Alabama,2020,64.90,68.67,1
Alabama,2021,64.20,65.18,1
